wikidata_id,iso_code,un_member,country,capital,country_flag_url,country_flag_file,capital_flag_url,capital_flag_file,capital_population,capital_area,capital_density,capital_timezone
Q408,AU,true,Австралия,Канберра,https://commons.wikimedia.org/wiki/Special:FilePath/Flag%20of%20Australia%20%28converted%29.svg,b6df9c110c0b.svg,https://commons.wikimedia.org/wiki/Special:FilePath/Flag_of_the_Australian_Capital_Territory.svg,d0d2dcf26bba.svg,473855,471.78,1004,UTC+10:00
Q40,AT,true,Австрия,Вена,https://commons.wikimedia.org/wiki/Special:FilePath/Flag%20of%20Austria.svg,d449196f36df.svg,https://commons.wikimedia.org/wiki/Special:FilePath/Flag%20of%20Salzburg%2C%20Vienna%2C%20Vorarlberg.svg,0e30a00e366f.svg,2028289,414.83,4889,центральноевропейское время
Q227,AZ,true,Азербайджан,Баку,https://commons.wikimedia.org/wiki/Special:FilePath/Flag%20of%20Azerbaijan.svg,3d5419f2d3f1.svg,https://commons.wikimedia.org/wiki/Special:FilePath/Flag%20of%20Baku%2C%20Azerbaijan.svg,1853edf8437d.svg,2300500,2140.0,1075,UTC+4:00
Q222,AL,true,Албания,Тирана,https://commons.wikimedia.org/wiki/Special:FilePath/Flag%20of%20Albania.svg,136dc3516386.svg,https://commons.wikimedia.org/wiki/Special:FilePath/Flag%20of%20Tirana.svg,9db6d66024dd.svg,389323,41.8,9314,UTC+1:00
Q262,DZ,true,Алжир,Алжир,https://commons.wikimedia.org/wiki/Special:FilePath/Flag%20of%20Algeria.svg,dd0839eabf2e.svg,https://commons.wikimedia.org/wiki/Special:FilePath/Flag%20of%20Algiers.svg,d072f83ebe91.png,3415811,363.0,9410,UTC+1:00
Q916,AO,true,Ангола,Луанда,https://commons.wikimedia.org/wiki/Special:FilePath/Flag%20of%20Angola.svg,886d9cf438c2.svg,https://commons.wikimedia.org/wiki/Special:FilePath/Flag%20of%20Portuguese%20Luanda.svg,0f0aa4515c72.png,2487444,113.0,22013,UTC+1:00
Q228,AD,true,Андорра,Андорра-ла-Велья,https://commons.wikimedia.org/wiki/Special:FilePath/Flag%20of%20Andorra.svg,b464b76980eb.svg,,,24042,30.0,801,UTC+2:00
Q781,AG,true,Антигуа и Барбуда,Сент-Джонс,https://commons.wikimedia.org/wiki/Special:FilePath/Flag%20of%20Antigua%20and%20Barbuda.svg,3756855286eb.svg,,,21394,10.0,2139,UTC−4
Q414,AR,true,Аргентина,Буэнос-Айрес,https://commons.wikimedia.org/wiki/Special:FilePath/Flag%20of%20Argentina.svg,048aec786254.svg,https://commons.wikimedia.org/wiki/Special:FilePath/Bandera%20de%20la%20Ciudad%20de%20Buenos%20Aires.svg,68f919bc4a90.svg,3121707,203.3,15355,UTC−3
Q399,AM,true,Армения,Ереван,https://commons.wikimedia.org/wiki/Special:FilePath/Flag%20of%20Armenia.svg,e11c6c6c3e10.svg,https://commons.wikimedia.org/wiki/Special:FilePath/Flag%20of%20Yerevan.svg,fead7e4ff678.svg,1106300,227.0,4874,UTC+4:00
Q889,AF,true,Афганистан,Кабул,https://commons.wikimedia.org/wiki/Special:FilePath/Flag%20of%20the%20Taliban.svg,fdb7910bb520.svg,https://commons.wikimedia.org/wiki/Special:FilePath/Flag%20of%20Kabul.svg,a91e42c820ac.svg,5333284,275.0,19394,UTC+4:30
Q778,BS,true,Багамские Острова,Нассау,https://commons.wikimedia.org/wiki/Special:FilePath/Flag%20of%20the%20Bahamas.svg,5c6a16ffd663.svg,,,227940,207.0,1101,североамериканское восточное время
Q902,BD,true,Бангладеш,Дакка,https://commons.wikimedia.org/wiki/Special:FilePath/Flag%20of%20Bangladesh.svg,57eead867ec4.svg,,,16800000,368.0,45652,UTC+6:00
Q244,BB,true,Барбадос,Бриджтаун,https://commons.wikimedia.org/wiki/Special:FilePath/Flag%20of%20Barbados.svg,f6de0a9f09c0.svg,,,98511,38.85,2536,
Q398,BH,true,Бахрейн,Манама,https://commons.wikimedia.org/wiki/Special:FilePath/Flag%20of%20Bahrain.svg,ca7262b66ba0.svg,,,297502,30.0,9917,
Q184,BY,true,Беларусь,Минск,https://commons.wikimedia.org/wiki/Special:FilePath/Flag%20of%20Belarus.svg,4dc4b3fcaaf5.svg,https://commons.wikimedia.org/wiki/Special:FilePath/Flag%20of%20Minsk%2C%20Belarus.svg,3cadc602fc39.svg,1996730,409.5,4876,UTC+3:00
Q242,BZ,true,Белиз,Бельмопан,https://commons.wikimedia.org/wiki/Special:FilePath/Flag%20of%20Belize.svg,4d15679005f9.svg,https://commons.wikimedia.org/wiki/Special:FilePath/Flag%20of%20Belmopan%2C%20Belize.svg,91bbf3869033.svg,20754,32.78,633,
Q31,BE,true,Бельгия,Брюссель,https://commons.wikimedia.org/wiki/Special:FilePath/Flag%20of%20Belgium.svg,a1d9583ce4b5.svg,https://commons.wikimedia.org/wiki/Special:FilePath/Brussel%20vlag.svg,7f64158aac4b.svg,195546,33.08,5911,UTC+2:00
Q962,BJ,true,Бенин,Порто-Ново,https://commons.wikimedia.org/wiki/Special:FilePath/Flag%20of%20Benin.svg,5bd553a2ecd8.svg,,,234168,52.0,4503,
Q219,BG,true,Болгария,София,https://commons.wikimedia.org/wiki/Special:FilePath/Flag%20of%20Bulgaria.svg,3f7431326c5a.svg,https://commons.wikimedia.org/wiki/Special:FilePath/BG%20Sofia%20flag.svg,92689bbadfc4.svg,1205548,492.03,2450,UTC+3:00
Q750,BO,true,Боливия,Сукре,https://commons.wikimedia.org/wiki/Special:FilePath/Flag%20of%20Bolivia.svg,1d0bf17a87e5.svg,https://commons.wikimedia.org/wiki/Special:FilePath/Bandera%20de%20Chuquisaca%20y%20Sucre.svg,015e5a426cb0.svg,755732,1768.0,1601,UTC−4
Q225,BA,true,Босния и Герцеговина,Сараево,https://commons.wikimedia.org/wiki/Special:FilePath/Flag%20of%20Bosnia%20and%20Herzegovina.svg,c0fc3524637a.svg,https://commons.wikimedia.org/wiki/Special:FilePath/Flag%20of%20Sarajevo.svg,8db8df571174.svg,275524,141.5,1947,центральноевропейское время
Q963,BW,true,Ботсвана,Габороне,https://commons.wikimedia.org/wiki/Special:FilePath/Flag%20of%20Botswana.svg,52165d958995.svg,https://commons.wikimedia.org/wiki/Special:FilePath/Flag%20of%20Gaborone.svg,16fddf7a5a56.svg,246325,169.0,1458,центральноафриканское время
Q155,BR,true,Бразилия,Бразилиа,https://commons.wikimedia.org/wiki/Special:FilePath/Flag%20of%20Brazil.svg,209bfe8f430d.svg,https://commons.wikimedia.org/wiki/Special:FilePath/Bandeira%20do%20Distrito%20Federal%20%28Brasil%29.svg,e670482a282f.svg,2996899,5802.0,517,UTC−3
Q921,BN,true,Бруней,Бандар-Сери-Бегаван,https://commons.wikimedia.org/wiki/Special:FilePath/Flag%20of%20Brunei.svg,9f5f1c864ba8.svg,,,50000,100.36,498,
Q965,BF,true,Буркина-Фасо,Уагадугу,https://commons.wikimedia.org/wiki/Special:FilePath/Flag%20of%20Burkina%20Faso.svg,fe56fb0158f6.svg,,,2453496,219.3,11188,UTC±0:00
Q967,BI,true,Бурунди,Гитега,https://commons.wikimedia.org/wiki/Special:FilePath/Flag%20of%20Burundi.svg,58dd4099741f.svg,,,135467,22.0,6158,
Q917,BT,true,Бутан,Тхимпху,https://commons.wikimedia.org/wiki/Special:FilePath/Flag%20of%20Bhutan.svg,7cebc20ed614.svg,,,114551,27.0,4243,UTC+6:00
Q686,VU,true,Вануату,Порт-Вила,https://commons.wikimedia.org/wiki/Special:FilePath/Flag%20of%20Vanuatu.svg,d90b1a6189d5.svg,https://commons.wikimedia.org/wiki/Special:FilePath/Flag%20of%20Port%20Vila.svg,958b152b2164.svg,49034,23.6,2078,UTC+11:00
Q145,GB,true,Великобритания,Лондон,https://commons.wikimedia.org/wiki/Special:FilePath/Flag%20of%20the%20United%20Kingdom%20%283-5%29.svg,5d074debd219.svg,,,8799728,1572.0,5598,Европа/Лондон
Q28,HU,true,Венгрия,Будапешт,https://commons.wikimedia.org/wiki/Special:FilePath/Flag%20of%20Hungary.svg,3cf1902f34fa.svg,https://commons.wikimedia.org/wiki/Special:FilePath/Flag%20of%20Budapest%20%282011-%29.svg,5e6f78324468.png,1685209,525.14,3209,UTC+2:00
Q717,VE,true,Венесуэла,Каракас,https://commons.wikimedia.org/wiki/Special:FilePath/Flag%20of%20Venezuela.svg,658e9c90774d.svg,https://commons.wikimedia.org/wiki/Special:FilePath/Flag%20of%20Caracas%20%282022%29.svg,65e38acaca0a.svg,2245744,776.0,2894,UTC−4
Q574,TL,true,Восточный Тимор,Дили,https://commons.wikimedia.org/wiki/Special:FilePath/Flag%20of%20East%20Timor.svg,007534a95f81.svg,https://commons.wikimedia.org/wiki/Special:FilePath/Bandeira%20quadrada%20Dili%201952-1975.svg,62575cea6fbd.svg,222323,178.62,1245,UTC+9:00
Q881,VN,true,Вьетнам,Ханой,https://commons.wikimedia.org/wiki/Special:FilePath/Flag%20of%20Vietnam.svg,47582f5873f9.svg,,,8717600,3359.84,2595,Indochina Time
Q1000,GA,true,Габон,Либревиль,https://commons.wikimedia.org/wiki/Special:FilePath/Flag%20of%20Gabon.svg,52c2901fa23c.svg,,,899000,189.0,4757,UTC+1:00
Q790,HT,true,Гаити,Порт-о-Пренс,https://commons.wikimedia.org/wiki/Special:FilePath/Flag%20of%20Haiti.svg,947b5613b9fa.svg,https://commons.wikimedia.org/wiki/Special:FilePath/Local%20Flag%20of%20Port%20Au%20Prince.jpg,81127df9b916.jpg,987310,36.04,27395,UTC−5
Q734,GY,true,Гайана,Джорджтаун,https://commons.wikimedia.org/wiki/Special:FilePath/Flag%20of%20Guyana.svg,bf2c5afc1df1.svg,https://commons.wikimedia.org/wiki/Special:FilePath/Flag%20of%20Georgetown.svg,0467b64f8721.svg,235017,147.6,1592,UTC−3
Q1005,GM,true,Гамбия,Банжул,https://commons.wikimedia.org/wiki/Special:FilePath/Flag%20of%20The%20Gambia.svg,2385f34a61d3.svg,https://commons.wikimedia.org/wiki/Special:FilePath/Flag%20of%20Banjul%2C%20The%20Gambia.svg,ccfff4e5fa1d.svg,31356,12.2,2570,UTC±0:00
Q117,GH,true,Гана,Аккра,https://commons.wikimedia.org/wiki/Special:FilePath/Flag%20of%20Ghana.svg,0e5bc81bf970.svg,https://commons.wikimedia.org/wiki/Special:FilePath/Flag%20of%20Accra.svg,bcea4e837dfa.png,1782150,173.0,10301,среднее время по Гринвичу
Q774,GT,true,Гватемала,Гватемала,https://commons.wikimedia.org/wiki/Special:FilePath/Flag%20of%20Guatemala.svg,53cf48cb7314.svg,https://commons.wikimedia.org/wiki/Special:FilePath/Bandera%20de%20la%20Ciudad%20de%20Guatemala.svg,55e8179437d8.svg,994938,692.0,1438,UTC−6
Q1006,GN,true,Гвинея,Конакри,https://commons.wikimedia.org/wiki/Special:FilePath/Flag%20of%20Guinea.svg,60d7c8d60f16.svg,,,1667864,450.0,3706,среднее время по Гринвичу
Q1007,GW,true,Гвинея-Бисау,Бисау,https://commons.wikimedia.org/wiki/Special:FilePath/Flag%20of%20Guinea-Bissau.svg,f39fc3c7b49f.svg,https://commons.wikimedia.org/wiki/Special:FilePath/Bissau%20City%20Flag.png,d44d3c99f73c.png,492004,77.5,6348,UTC±0:00
Q183,DE,true,Германия,Берлин,https://commons.wikimedia.org/wiki/Special:FilePath/Flag%20of%20Germany.svg,8ca8e6a3fa83.svg,https://commons.wikimedia.org/wiki/Special:FilePath/Flag%20of%20Berlin.svg,32523ac145b3.svg,3913644,891.69,4389,Европа/Берлин
Q783,HN,true,Гондурас,Тегусигальпа,https://commons.wikimedia.org/wiki/Special:FilePath/Flag%20of%20Honduras%20%281949%E2%80%932022%2C%202026%E2%80%93present%29.svg,0e99207eb803.svg,https://commons.wikimedia.org/wiki/Special:FilePath/Flag%20of%20Tegucigalpa.svg,6e946116fc18.png,850848,201.5,4223,UTC−6
Q219060,PS,false,Государство Палестина,Рамалла,https://commons.wikimedia.org/wiki/Special:FilePath/Flag%20of%20Palestine.svg,50f2aed3cca3.svg,https://commons.wikimedia.org/wiki/Special:FilePath/Flag%20of%20Ramallah.svg,f4be20dbe146.svg,43880,16.3,2692,UTC+3:00
Q769,GD,true,Гренада,Сент-Джорджес,https://commons.wikimedia.org/wiki/Special:FilePath/Flag%20of%20Grenada.svg,c7fab77e9ec7.svg,,,33734,,,UTC−4
Q41,GR,true,Греция,Афины,https://commons.wikimedia.org/wiki/Special:FilePath/Flag%20of%20Greece.svg,7041f707b3cf.svg,,,643452,39.0,16499,восточноевропейское время
Q230,GE,true,Грузия,Тбилиси,https://commons.wikimedia.org/wiki/Special:FilePath/Flag%20of%20Georgia.svg,4ea4c710df13.svg,https://commons.wikimedia.org/wiki/Special:FilePath/Flag%20of%20Tbilisi.svg,8d557039f162.svg,1258526,720.0,1748,UTC+4:00
Q35,DK,true,Дания,Копенгаген,https://commons.wikimedia.org/wiki/Special:FilePath/Flag%20of%20Denmark.svg,ecae940e4c27.svg,https://commons.wikimedia.org/wiki/Special:FilePath/Flag%20of%20Copenhagen%20Municipality%2C%20Denmark.svg,e745689bfc4f.svg,667099,90.9,7339,центральноевропейское время
Q974,CD,true,Демократическая Республика Конго,Киншаса,https://commons.wikimedia.org/wiki/Special:FilePath/Flag%20of%20the%20Democratic%20Republic%20of%20the%20Congo.svg,c7f08e593e46.svg,https://commons.wikimedia.org/wiki/Special:FilePath/Flag%20of%20Kinshasa%2C%20DRC.svg,744dfb6c1cf1.svg,14565700,9965.0,1462,западноафриканское время
Q977,DJ,true,Джибути,Джибути,https://commons.wikimedia.org/wiki/Special:FilePath/Flag%20of%20Djibouti.svg,eb77043d6cce.svg,,,603900,200.0,3020,UTC+3:00
Q784,DM,true,Доминика,Розо,https://commons.wikimedia.org/wiki/Special:FilePath/Flag%20of%20Dominica.svg,9566e42a07c0.svg,,,16571,5.4,3069,UTC−4
Q786,DO,true,Доминиканская Республика,Санто-Доминго,https://commons.wikimedia.org/wiki/Special:FilePath/Flag%20of%20the%20Dominican%20Republic.svg,5717d18c0fe8.svg,,,2201941,1302.2,1691,UTC−4
Q79,EG,true,Египет,Каир,https://commons.wikimedia.org/wiki/Special:FilePath/Flag%20of%20Egypt.svg,36d3b523a834.svg,https://commons.wikimedia.org/wiki/Special:FilePath/Flag%20of%20Cairo.svg,b9cda3ebfd17.svg,9801536,528.0,18564,UTC+3:00
Q953,ZM,true,Замбия,Лусака,https://commons.wikimedia.org/wiki/Special:FilePath/Flag%20of%20Zambia.svg,2bdb3f08a747.svg,,,2204059,360.0,6122,UTC+2:30
Q954,ZW,true,Зимбабве,Хараре,https://commons.wikimedia.org/wiki/Special:FilePath/Flag%20of%20Zimbabwe.svg,0c9e0823d540.svg,https://commons.wikimedia.org/wiki/Special:FilePath/Flag%20of%20Harare.svg,f7c17b291569.svg,2150000,960.6,2238,UTC+2:00
Q801,IL,true,Израиль,Иерусалим,https://commons.wikimedia.org/wiki/Special:FilePath/Flag%20of%20Israel.svg,88b555d529db.svg,https://commons.wikimedia.org/wiki/Special:FilePath/Flag%20of%20Jerusalem.svg,2d89da326c2d.svg,936425,125.42,7466,UTC+3:00
Q668,IN,true,Индия,Нью-Дели,https://commons.wikimedia.org/wiki/Special:FilePath/Flag%20of%20India.svg,bf2f34022df0.svg,,,249998,42.7,5855,UTC+5:30
Q252,ID,true,Индонезия,Джакарта,https://commons.wikimedia.org/wiki/Special:FilePath/Flag%20of%20Indonesia.svg,d0ded94a76d6.svg,https://commons.wikimedia.org/wiki/Special:FilePath/Flag%20of%20Jakarta%20%28vectorised%29.svg,28e0769a797e.svg,11135191,662.0,16821,Indonesia Western Standard Time
Q810,JO,true,Иордания,Амман,https://commons.wikimedia.org/wiki/Special:FilePath/Flag%20of%20Jordan.svg,f259a0691e69.svg,https://commons.wikimedia.org/wiki/Special:FilePath/Flag%20of%20Amman.svg,3c3249bd2759.svg,4007526,1680.0,2385,восточноевропейское время
Q796,IQ,true,Ирак,Багдад,https://commons.wikimedia.org/wiki/Special:FilePath/Flag%20of%20Iraq.svg,0cb655a74788.svg,https://commons.wikimedia.org/wiki/Special:FilePath/Flag%20of%20Baghdad.svg,c400cfd378d9.svg,8126755,673.0,12075,UTC+3:00
Q794,IR,true,Иран,Тегеран,https://commons.wikimedia.org/wiki/Special:FilePath/Flag%20of%20Iran.svg,651e2b601701.svg,https://commons.wikimedia.org/wiki/Special:FilePath/Flag%20of%20Tehran.svg,f76d6ccbe1c9.svg,8693706,686.0,12673,Тегеранское время
Q27,IE,true,Ирландия,Дублин,https://commons.wikimedia.org/wiki/Special:FilePath/Flag%20of%20Ireland.svg,9488eda20733.svg,https://commons.wikimedia.org/wiki/Special:FilePath/IRL%20Dublin%20flag.svg,f925c7384ea3.svg,592713,114.99,5154,UTC±0:00
Q189,IS,true,Исландия,Рейкьявик,https://commons.wikimedia.org/wiki/Special:FilePath/Flag%20of%20Iceland.svg,1e60fdbe5c85.svg,https://commons.wikimedia.org/wiki/Special:FilePath/Flag%20of%20Reykjavik%2C%20Iceland.svg,56a163e53c9c.svg,138772,244.0,569,UTC±0:00
Q29,ES,true,Испания,Мадрид,https://commons.wikimedia.org/wiki/Special:FilePath/Flag%20of%20Spain.svg,91de70393457.svg,https://commons.wikimedia.org/wiki/Special:FilePath/Bandera%20de%20la%20ciudad%20de%20Madrid.svg,382461e17ef9.svg,3506730,604.46,5801,UTC+2:00
Q38,IT,true,Италия,Рим,https://commons.wikimedia.org/wiki/Special:FilePath/Flag%20of%20Italy.svg,acd19ec4f5f0.svg,https://commons.wikimedia.org/wiki/Special:FilePath/Flag%20of%20Rome.svg,ea1c91b4e3d4.svg,2748109,1287.36,2135,UTC+2:00
Q805,YE,true,Йемен,Сана,https://commons.wikimedia.org/wiki/Special:FilePath/Flag%20of%20Yemen.svg,a6824ccb9c0f.svg,,,1154410,3450.0,1519,UTC+3:00
Q423,KP,true,КНДР,Пхеньян,https://commons.wikimedia.org/wiki/Special:FilePath/Flag%20of%20North%20Korea.svg,3f1433a67861.svg,,,2863000,3194.0,896,UTC+9:00
Q1011,CV,true,Кабо-Верде,Прая,https://commons.wikimedia.org/wiki/Special:FilePath/Flag%20of%20Cape%20Verde.svg,9ce5676bfce7.svg,https://commons.wikimedia.org/wiki/Special:FilePath/Flag%20of%20Praia.svg,63b02c5d885b.svg,159050,102.6,1550,UTC−1
Q232,KZ,true,Казахстан,Астана,https://commons.wikimedia.org/wiki/Special:FilePath/Flag%20of%20Kazakhstan.svg,9940f0412cb1.svg,https://commons.wikimedia.org/wiki/Special:FilePath/Flag%20of%20Astana%2C%20Kazakhstan%20%28latin%29.svg,754ce85c9657.svg,1239744,797.33,1555,UTC+5:00
Q424,KH,true,Камбоджа,Пномпень,https://commons.wikimedia.org/wiki/Special:FilePath/Flag%20of%20Cambodia.svg,e4c084a12659.svg,,,2129371,678.46,3139,UTC+7:00
Q1009,CM,true,Камерун,Яунде,https://commons.wikimedia.org/wiki/Special:FilePath/Flag%20of%20Cameroon.svg,99c9f8f14046.svg,,,2440462,180.0,13558,UTC+1:00
Q16,CA,true,Канада,Оттава,https://commons.wikimedia.org/wiki/Special:FilePath/Flag%20of%20Canada%20%28Pantone%29.svg,36187cbdf9a6.svg,https://commons.wikimedia.org/wiki/Special:FilePath/Flag%20of%20Ottawa%2C%20Ontario.svg,2d31b6d61280.svg,1017449,2778.64,366,североамериканское восточное время
Q846,QA,true,Катар,Доха,https://commons.wikimedia.org/wiki/Special:FilePath/Flag%20of%20Qatar.svg,126a36848819.svg,,,1186023,132.0,8985,UTC+3:00
Q114,KE,true,Кения,Найроби,https://commons.wikimedia.org/wiki/Special:FilePath/Flag%20of%20Kenya.svg,3c727a591581.svg,https://commons.wikimedia.org/wiki/Special:FilePath/Flag%20of%20Nairobi.svg,a40a81fd61b7.svg,5545000,696.0,7967,UTC+3:00
Q229,CY,true,Кипр,Никосия,https://commons.wikimedia.org/wiki/Special:FilePath/Flag%20of%20Cyprus.svg,d3f70f9e3f9f.svg,https://commons.wikimedia.org/wiki/Special:FilePath/Flag%20of%20Nicosia.svg,68a0d9472e64.svg,56848,51.06,1113,UTC+3:00
Q710,KI,true,Кирибати,Тарава,https://commons.wikimedia.org/wiki/Special:FilePath/Flag%20of%20Kiribati.svg,1eb820803e26.svg,,,70090,31.02,2260,UTC+12
Q148,CN,true,Китай,Пекин,https://commons.wikimedia.org/wiki/Special:FilePath/Flag%20of%20the%20People%27s%20Republic%20of%20China.svg,a31e49d71986.svg,,,21893095,16410.54,1334,UTC+8:00
Q865,TW,true,Китайская Республика (Тайвань),Тайбэй,https://commons.wikimedia.org/wiki/Special:FilePath/Flag%20of%20the%20Republic%20of%20China.svg,db625b9af276.svg,https://commons.wikimedia.org/wiki/Special:FilePath/Flag%20of%20Taipei%20City.svg,88cc23ce0b67.svg,2442991,271.8,8988,UTC+8:00
Q739,CO,true,Колумбия,Богота,https://commons.wikimedia.org/wiki/Special:FilePath/Flag%20of%20Colombia.svg,4bbcbc702e23.svg,https://commons.wikimedia.org/wiki/Special:FilePath/Flag%20of%20Bogot%C3%A1.svg,504383c21fe3.svg,8034649,1578.0,5092,UTC−5
Q970,KM,true,Коморы,Морони,https://commons.wikimedia.org/wiki/Special:FilePath/Flag%20of%20the%20Comoros.svg,7d44e8769af5.svg,,,85400,30.0,2847,UTC+3:00
Q29999,NL,true,Королевство Нидерландов,Амстердам,https://commons.wikimedia.org/wiki/Special:FilePath/Flag%20of%20the%20Netherlands.svg,65446623dace.svg,https://commons.wikimedia.org/wiki/Special:FilePath/Flag%20of%20Amsterdam.svg,2dcc1f1d2636.svg,921468,219.0,4208,центральноевропейское время
Q800,CR,true,Коста-Рика,Сан-Хосе,https://commons.wikimedia.org/wiki/Special:FilePath/Flag%20of%20Costa%20Rica.svg,e6a2f910cf6d.svg,https://commons.wikimedia.org/wiki/Special:FilePath/Bandera%20de%20San%20Jos%C3%A9%20%28Costa%20Rica%29.svg,6bf386ac1278.svg,335007,44.62,7508,UTC−6
Q1008,CI,true,Кот-д’Ивуар,Ямусукро,https://commons.wikimedia.org/wiki/Special:FilePath/Flag%20of%20C%C3%B4te%20d%27Ivoire.svg,50a9c47f8780.svg,,,340234,2075.0,164,UTC±0:00
Q241,CU,true,Куба,Гавана,https://commons.wikimedia.org/wiki/Special:FilePath/Flag%20of%20Cuba.svg,d2e596a654af.svg,https://commons.wikimedia.org/wiki/Special:FilePath/Official%20flag%20of%20Havana%2C%20Cuba.svg,e2eaac824603.svg,2492618,728.26,3423,UTC−5
Q817,KW,true,Кувейт,Эль-Кувейт,https://commons.wikimedia.org/wiki/Special:FilePath/Flag%20of%20Kuwait.svg,c97fe2019e52.svg,,,2989000,,,UTC+3:00
Q813,KG,true,Кыргызстан,Бишкек,https://commons.wikimedia.org/wiki/Special:FilePath/Flag%20of%20Kyrgyzstan.svg,8718568f9bef.svg,https://commons.wikimedia.org/wiki/Special:FilePath/Flag%20of%20Bishkek.svg,caab84b30ca4.svg,1191000,127.0,9378,UTC+6:00
Q819,LA,true,Лаос,Вьентьян,https://commons.wikimedia.org/wiki/Special:FilePath/Flag%20of%20Laos.svg,e605a5e754b0.svg,,,1003004,3920.0,256,UTC+7:00
Q211,LV,true,Латвия,Рига,https://commons.wikimedia.org/wiki/Special:FilePath/Flag%20of%20Latvia.svg,791d943a89b1.svg,https://commons.wikimedia.org/wiki/Special:FilePath/Flag%20of%20Riga.svg,6ad01e6952fb.svg,595053,253.05,2352,восточноевропейское летнее время
Q1013,LS,true,Лесото,Масеру,https://commons.wikimedia.org/wiki/Special:FilePath/Flag%20of%20Lesotho.svg,687d6b72912b.svg,,,343541,138.0,2489,UTC+2:00
Q1014,LR,true,Либерия,Монровия,https://commons.wikimedia.org/wiki/Special:FilePath/Flag%20of%20Liberia.svg,de458a19becd.svg,https://commons.wikimedia.org/wiki/Special:FilePath/Flag%20of%20Monrovia%2C%20Liberia.svg,c6802c9027da.svg,1021762,194.25,5260,среднее время по Гринвичу
Q822,LB,true,Ливан,Бейрут,https://commons.wikimedia.org/wiki/Special:FilePath/Flag%20of%20Lebanon.svg,e51d6606f0a5.svg,https://commons.wikimedia.org/wiki/Special:FilePath/Flag%20of%20Beirut.svg,6219c1ce8b0c.svg,2421354,20.0,121068,UTC+3:00
Q1016,LY,true,Ливия,Триполи,https://commons.wikimedia.org/wiki/Special:FilePath/Flag%20of%20Libya.svg,28cd25983285.svg,https://commons.wikimedia.org/wiki/Special:FilePath/Flag%20of%20Tripoli%2C%20Libya.svg,9eb1c1aa2e3d.svg,1176000,3127.0,376,UTC+2:00
Q37,LT,true,Литва,Вильнюс,https://commons.wikimedia.org/wiki/Special:FilePath/Flag%20of%20Lithuania.svg,43ca81b72742.svg,https://commons.wikimedia.org/wiki/Special:FilePath/Flag%20of%20Vilnius.svg,b68e8dced38b.svg,581475,401.0,1450,UTC+3:00
Q347,LI,true,Лихтенштейн,Вадуц,https://commons.wikimedia.org/wiki/Special:FilePath/Flag%20of%20Liechtenstein.svg,7630949c6e10.svg,https://commons.wikimedia.org/wiki/Special:FilePath/Flag%20of%20Vaduz%20Liechtenstein-1.svg,55772719dd5e.svg,5668,17.3,328,UTC+1:00
Q32,LU,true,Люксембург,Люксембург,https://commons.wikimedia.org/wiki/Special:FilePath/Flag%20of%20Luxembourg.svg,79b5235a64c9.svg,https://commons.wikimedia.org/wiki/Special:FilePath/Flag_of_Luxembourg_(city).svg,2e03d2219c90.svg,137696,51.46,2676,центральноевропейское время
Q1027,MU,true,Маврикий,Порт-Луи,https://commons.wikimedia.org/wiki/Special:FilePath/Flag%20of%20Mauritius.svg,301584b129f9.svg,https://commons.wikimedia.org/wiki/Special:FilePath/Flag%20of%20Port%20Louis%2C%20Mauritius.svg,e2b6df2c68e1.svg,149194,46.7,3195,
Q1025,MR,true,Мавритания,Нуакшот,https://commons.wikimedia.org/wiki/Special:FilePath/Flag%20of%20Mauritania.svg,c4d29446e345.svg,,,1446761,1000.0,1447,UTC±0:00
Q1019,MG,true,Мадагаскар,Антананариву,https://commons.wikimedia.org/wiki/Special:FilePath/Flag%20of%20Madagascar.svg,26e531aca806.svg,https://commons.wikimedia.org/wiki/Special:FilePath/Flag%20of%20Antananarivo%2C%20Madagascar.svg,e0d557cd2373.svg,1275207,88.0,14491,UTC+3:00
Q1020,MW,true,Малави,Лилонгве,https://commons.wikimedia.org/wiki/Special:FilePath/Flag%20of%20Malawi.svg,c516add11688.svg,,,989318,727.79,1359,UTC+2:00
Q833,MY,true,Малайзия,Куала-Лумпур,https://commons.wikimedia.org/wiki/Special:FilePath/Flag%20of%20Malaysia.svg,80f9b93a68f7.svg,https://commons.wikimedia.org/wiki/Special:FilePath/Flag%20of%20Kuala%20Lumpur%2C%20Malaysia.svg,89a2289fa9b2.svg,9000280,243.65,36939,UTC+8:00
Q912,ML,true,Мали,Бамако,https://commons.wikimedia.org/wiki/Special:FilePath/Flag%20of%20Mali.svg,bd92b7fbf0de.svg,,,4227569,245.0,17255,UTC±0:00
Q826,MV,true,Мальдивы,Мале,https://commons.wikimedia.org/wiki/Special:FilePath/Flag%20of%20Maldives.svg,18dd9d2eceb8.svg,,,252768,5.8,43581,UTC+5:00
Q233,MT,true,Мальта,Валлетта,https://commons.wikimedia.org/wiki/Special:FilePath/Flag%20of%20Malta.svg,88bec86d0929.svg,https://commons.wikimedia.org/wiki/Special:FilePath/Flag%20of%20Valletta%2C%20Malta.svg,181fa7acc4b4.svg,5197,80.0,65,UTC+2:00
Q1028,MA,true,Марокко,Рабат,https://commons.wikimedia.org/wiki/Special:FilePath/Flag%20of%20Morocco.svg,030be2a02ebb.svg,,,509916,118.0,4321,UTC+1:00
Q709,MH,true,Маршалловы Острова,Маджуро,https://commons.wikimedia.org/wiki/Special:FilePath/Flag%20of%20the%20Marshall%20Islands.svg,9c1bed83a2f1.svg,https://commons.wikimedia.org/wiki/Special:FilePath/Majuro%20Atoll%20Flag.svg,9f4e49811d76.svg,30000,9.7,3093,
Q96,MX,true,Мексика,Мехико,https://commons.wikimedia.org/wiki/Special:FilePath/Flag%20of%20Mexico.svg,22f6971b1244.svg,https://commons.wikimedia.org/wiki/Special:FilePath/Flag%20of%20Mexico%20City%20%28variant%29.svg,695feda75394.svg,9209944,1485.0,6202,Центральное поясное время
Q1029,MZ,true,Мозамбик,Мапуту,https://commons.wikimedia.org/wiki/Special:FilePath/Flag%20of%20Mozambique.svg,ec204f6df1c2.svg,https://commons.wikimedia.org/wiki/Special:FilePath/Flag%20of%20Maputo.png,1141f4d8f4ef.png,1133200,346.77,3268,UTC+2:00
Q217,MD,true,Молдова,Кишинёв,https://commons.wikimedia.org/wiki/Special:FilePath/Flag%20of%20Moldova.svg,99ad03c3193d.svg,https://commons.wikimedia.org/wiki/Special:FilePath/Drapel%20Municipiul%20Chisinau.jpg,cb207d861ff0.svg,567038,123.0,4610,UTC+2:00
Q235,MC,true,Монако,Монако,https://commons.wikimedia.org/wiki/Special:FilePath/Flag%20of%20Monaco.svg,2b96f0f74193.svg,https://commons.wikimedia.org/wiki/Special:FilePath/Flag%20of%20Monaco.svg,2b96f0f74193.svg,975,0.2,4875,
Q711,MN,true,Монголия,Улан-Батор,https://commons.wikimedia.org/wiki/Special:FilePath/Flag%20of%20Mongolia.svg,8ab403fc5e62.svg,https://commons.wikimedia.org/wiki/Special:FilePath/Flag%20of%20Ulaanbaatar%2C%20Mongolia.svg,818a01aecba0.svg,1515593,4704.4,322,UTC+8:00
Q836,MM,true,Мьянма,Нейпьидо,https://commons.wikimedia.org/wiki/Special:FilePath/Flag%20of%20Myanmar.svg,c641550007ac.svg,,,1160242,7054.37,164,UTC+6:30
Q1030,NA,true,Намибия,Виндхук,https://commons.wikimedia.org/wiki/Special:FilePath/Flag%20of%20Namibia.svg,0caf8cf51c6d.svg,,,431000,5133.0,84,UTC+2:00
Q697,NR,true,Науру,Ярен,https://commons.wikimedia.org/wiki/Special:FilePath/Flag%20of%20Nauru.svg,7c71e45a3a1b.svg,,,747,1.5,498,UTC+12
Q837,NP,true,Непал,Катманду,https://commons.wikimedia.org/wiki/Special:FilePath/Flag%20of%20Nepal.svg,f29afcd4606d.svg,https://commons.wikimedia.org/wiki/Special:FilePath/Flag%20of%20Kathmandu%2C%20Nepal.svg,fc2cf3c11324.svg,845767,49.45,17103,Время в Непале
Q1032,NE,true,Нигер,Ниамей,https://commons.wikimedia.org/wiki/Special:FilePath/Flag%20of%20Niger.svg,12545fccd743.svg,,,1496260,239.3,6253,UTC+1:00
Q1033,NG,true,Нигерия,Абуджа,https://commons.wikimedia.org/wiki/Special:FilePath/Flag%20of%20Nigeria.svg,1a96f2907683.svg,https://commons.wikimedia.org/wiki/Special:FilePath/Flag%20of%20Abuja.svg,7ea826a6e69a.svg,1693400,713.0,2375,UTC+1:00
Q811,NI,true,Никарагуа,Манагуа,https://commons.wikimedia.org/wiki/Special:FilePath/Flag%20of%20Nicaragua.svg,c1536195a1d7.svg,https://commons.wikimedia.org/wiki/Special:FilePath/Flag%20of%20Managua.svg,bdc34e78b7a7.svg,973087,267.2,3642,UTC−6
Q664,NZ,true,Новая Зеландия,Веллингтон,https://commons.wikimedia.org/wiki/Special:FilePath/Flag%20of%20New%20Zealand.svg,a8c5641a89ea.svg,,,216200,444.0,487,UTC+12
Q20,NO,true,Норвегия,Осло,https://commons.wikimedia.org/wiki/Special:FilePath/Flag%20of%20Norway.svg,4255dd8849d1.svg,https://commons.wikimedia.org/wiki/Special:FilePath/Flag%20of%20Oslo.svg,75001aac4df0.svg,717710,0.61,1176574,центральноевропейское время
Q878,AE,true,Объединённые Арабские Эмираты,Абу-Даби,https://commons.wikimedia.org/wiki/Special:FilePath/Flag%20of%20the%20United%20Arab%20Emirates.svg,f845a4eaadb3.svg,https://commons.wikimedia.org/wiki/Special:FilePath/Flag%20of%20Abu%20Dhabi.svg,67e145a47673.svg,1570000,972.0,1615,UTC+4:00
Q842,OM,true,Оман,Маскат,https://commons.wikimedia.org/wiki/Special:FilePath/Flag%20of%20Oman.svg,b809f99440af.svg,https://commons.wikimedia.org/wiki/Special:FilePath/Flag%20of%20Muscat.svg,a172a0d64fd9.svg,1421409,3500.0,406,UTC+4:00
Q843,PK,true,Пакистан,Исламабад,https://commons.wikimedia.org/wiki/Special:FilePath/Flag%20of%20Pakistan.svg,524ac31e40af.svg,https://commons.wikimedia.org/wiki/Special:FilePath/Proposed%20Flag%20of%20Islamabad%20Capital%20Territory.svg,e2676913de09.svg,1014825,906.0,1120,Pakistan Standard Time
Q695,PW,true,Палау,Нгерулмуд,https://commons.wikimedia.org/wiki/Special:FilePath/Flag%20of%20Palau.svg,e13be3edddcc.svg,,,0,,,UTC+10:00
Q804,PA,true,Панама,Панама,https://commons.wikimedia.org/wiki/Special:FilePath/Flag%20of%20Panama.svg,b3d6b514fc49.svg,https://commons.wikimedia.org/wiki/Special:FilePath/Bandera%20de%20Ciudad%20de%20Panam%C3%A1.svg,c9a0ec6132d0.png,1540000,275.0,5600,UTC−5
Q691,PG,true,Папуа — Новая Гвинея,Порт-Морсби,https://commons.wikimedia.org/wiki/Special:FilePath/Flag%20of%20Papua%20New%20Guinea.svg,391c03c07361.svg,https://commons.wikimedia.org/wiki/Special:FilePath/Flag%20of%20NCD.svg,86c3ca365710.svg,317374,240.0,1322,UTC+10:00
Q733,PY,true,Парагвай,Асунсьон,https://commons.wikimedia.org/wiki/Special:FilePath/Flag%20of%20Paraguay.svg,95f8b7d278ac.svg,https://commons.wikimedia.org/wiki/Special:FilePath/Flag%20of%20Asunci%C3%B3n.svg,475a67355943.svg,462241,117.0,3951,UTC−3
Q419,PE,true,Перу,Лима,https://commons.wikimedia.org/wiki/Special:FilePath/Flag%20of%20Peru.svg,dc995c70c653.svg,https://commons.wikimedia.org/wiki/Special:FilePath/Flag%20of%20Lima.svg,debbbd7269b8.svg,9943800,2672.28,3721,UTC−5
Q36,PL,true,Польша,Варшава,https://commons.wikimedia.org/wiki/Special:FilePath/Flag%20of%20Poland.svg,cef476351978.svg,https://commons.wikimedia.org/wiki/Special:FilePath/Flag%20of%20Warsaw.svg,c47376de458a.svg,1862402,517.2,3601,UTC+2:00
Q45,PT,true,Португалия,Лиссабон,https://commons.wikimedia.org/wiki/Special:FilePath/Flag%20of%20Portugal%20%28official%29.svg,4735ad442720.svg,https://commons.wikimedia.org/wiki/Special:FilePath/Bandeira%20municipal%20de%20Lisboa.png,439d6658bea8.png,545796,100.05,5455,UTC+1:00
Q971,CG,true,Республика Конго,Браззавиль,https://commons.wikimedia.org/wiki/Special:FilePath/Flag%20of%20the%20Republic%20of%20the%20Congo.svg,34416261c6d3.svg,,,2145783,588.0,3649,UTC+1:00
Q884,KR,true,Республика Корея,Сеул,https://commons.wikimedia.org/wiki/Special:FilePath/Flag%20of%20South%20Korea.svg,e01547ff2073.svg,https://commons.wikimedia.org/wiki/Special:FilePath/Flag%20of%20Seoul.svg,f3e635b623fc.svg,9668465,605.25,15974,UTC+9:00
Q159,RU,true,Россия,Москва,https://commons.wikimedia.org/wiki/Special:FilePath/Flag%20of%20Russia.svg,e75882bd87b7.svg,https://commons.wikimedia.org/wiki/Special:FilePath/Flag%20of%20Moscow%2C%20Russia.svg,9533d1b90108.svg,13274285,2562.0,5181,Европа/Москва
Q1037,RW,true,Руанда,Кигали,https://commons.wikimedia.org/wiki/Special:FilePath/Flag%20of%20Rwanda.svg,16f662264d41.svg,,,1745555,730.0,2391,UTC+2:00
Q218,RO,true,Румыния,Бухарест,https://commons.wikimedia.org/wiki/Special:FilePath/Flag%20of%20Romania.svg,6b593e528426.svg,,,1716961,226.0,7597,UTC+2:00
Q30,US,true,США,Вашингтон,https://commons.wikimedia.org/wiki/Special:FilePath/Flag%20of%20the%20United%20States%20%28DDD-F-416E%20specifications%29.svg,04b90f587fb6.svg,https://commons.wikimedia.org/wiki/Special:FilePath/Flag%20of%20Washington%2C%20D.C.svg,9fc755210f90.svg,689545,177.0,3896,Нью-Йоркское время
Q792,SV,true,Сальвадор,Сан-Сальвадор,https://commons.wikimedia.org/wiki/Special:FilePath/Flag%20of%20El%20Salvador.svg,6936c547ab0b.svg,https://commons.wikimedia.org/wiki/Special:FilePath/Bandera%20de%20San%20Salvador%20%282021%29.svg,02040167f025.svg,330543,72.25,4575,UTC−6
Q683,WS,true,Самоа,Апиа,https://commons.wikimedia.org/wiki/Special:FilePath/Flag%20of%20Samoa.svg,18e81cd7f262.svg,,,37708,123.81,305,UTC+13
Q238,SM,true,Сан-Марино,Сан-Марино,https://commons.wikimedia.org/wiki/Special:FilePath/Flag%20of%20San%20Marino.svg,6f0da58175d8.svg,https://commons.wikimedia.org/wiki/Special:FilePath/San%20Marino%20%28RSM%29-Bandiera.svg,cf05e12de5e6.svg,3997,7.09,564,UTC+1:00
Q1039,ST,true,Сан-Томе и Принсипи,Сан-Томе,https://commons.wikimedia.org/wiki/Special:FilePath/Flag%20of%20S%C3%A3o%20Tom%C3%A9%20and%20Pr%C3%ADncipe.svg,c204cc751058.svg,https://commons.wikimedia.org/wiki/Special:FilePath/Bandeira%20S%C3%A3o%20Tom%C3%A9.svg,c4a268c53258.png,71868,17.0,4228,UTC±0:00
Q851,SA,true,Саудовская Аравия,Эр-Рияд,https://commons.wikimedia.org/wiki/Special:FilePath/Flag%20of%20Saudi%20Arabia.svg,bc27e1f0e52f.svg,,,7009100,1798.0,3898,UTC+3:00
Q221,MK,true,Северная Македония,Скопье,https://commons.wikimedia.org/wiki/Special:FilePath/Flag%20of%20North%20Macedonia.svg,a7ef01757605.svg,https://commons.wikimedia.org/wiki/Special:FilePath/Flag%20of%20Skopje%2C%20North%20Macedonia.svg,af58d9ba8e49.svg,422540,571.46,739,UTC+1:00
Q1042,SC,true,Сейшельские Острова,Виктория,https://commons.wikimedia.org/wiki/Special:FilePath/Flag%20of%20Seychelles.svg,1eb721fe67c4.svg,,,24701,20.1,1229,UTC+4:00
Q1041,SN,true,Сенегал,Дакар,https://commons.wikimedia.org/wiki/Special:FilePath/Flag%20of%20Senegal.svg,cd4143d9313e.svg,https://commons.wikimedia.org/wiki/Special:FilePath/Flag%20of%20Dakar%2C%20Senegal.svg,168d42961a66.svg,1438725,79.83,18022,UTC±0:00
Q757,VC,true,Сент-Винсент и Гренадины,Кингстаун,https://commons.wikimedia.org/wiki/Special:FilePath/Flag%20of%20Saint%20Vincent%20and%20the%20Grenadines.svg,ca4b40b02ee0.svg,,,24518,4.9,5004,UTC−4
Q763,KN,true,Сент-Китс и Невис,Бастер,https://commons.wikimedia.org/wiki/Special:FilePath/Flag%20of%20Saint%20Kitts%20and%20Nevis.svg,473c8ae03b4a.svg,,,12920,6.47,1997,UTC−4
Q760,LC,true,Сент-Люсия,Кастри,https://commons.wikimedia.org/wiki/Special:FilePath/Flag%20of%20Saint%20Lucia.svg,cf807f5555c5.svg,https://commons.wikimedia.org/wiki/Special:FilePath/Flag%20of%20Castries.svg,e220bb56feec.svg,20000,79.0,253,America/St_Lucia
Q403,RS,true,Сербия,Белград,https://commons.wikimedia.org/wiki/Special:FilePath/Flag%20of%20Serbia.svg,0be7fad5febe.svg,https://commons.wikimedia.org/wiki/Special:FilePath/Flag%20of%20Belgrade%2C%20Serbia.svg,da52a6ed32ff.svg,1197714,359.96,3327,UTC+1:00
Q334,SG,true,Сингапур,Сингапур,https://commons.wikimedia.org/wiki/Special:FilePath/Flag%20of%20Singapore.svg,59cce9af1875.svg,https://commons.wikimedia.org/wiki/Special:FilePath/Flag%20of%20Singapore.svg,59cce9af1875.svg,5866139,719.1,8158,Asia/Singapore
Q858,SY,true,Сирия,Дамаск,https://commons.wikimedia.org/wiki/Special:FilePath/Flag%20of%20Syria%20%282025-%29.svg,bdf33e6180da.svg,https://commons.wikimedia.org/wiki/Special:FilePath/Flag%20of%20Damascus%20%28until%202024%29.svg,65766fc36e7e.svg,2685360,105.0,25575,UTC+3:00
Q214,SK,true,Словакия,Братислава,https://commons.wikimedia.org/wiki/Special:FilePath/Flag%20of%20Slovakia.svg,090595a7dbe9.svg,https://commons.wikimedia.org/wiki/Special:FilePath/Bratislava-bratislava-flag.svg,66e7660d5554.svg,479389,367.66,1304,UTC+2:00
Q215,SI,true,Словения,Любляна,https://commons.wikimedia.org/wiki/Special:FilePath/Flag%20of%20Slovenia.svg,4f8703211904.svg,https://commons.wikimedia.org/wiki/Special:FilePath/Flag%20of%20Ljubljana.svg,81c1f2f27370.svg,284293,163.76,1736,центральноевропейское время
Q685,SB,true,Соломоновы Острова,Хониара,https://commons.wikimedia.org/wiki/Special:FilePath/Flag%20of%20the%20Solomon%20Islands.svg,0179d8e08269.svg,https://commons.wikimedia.org/wiki/Special:FilePath/Flag%20of%20Honiara.svg,538f40478df4.svg,84520,22.0,3842,UTC+11:00
Q1045,SO,true,Сомали,Могадишо,https://commons.wikimedia.org/wiki/Special:FilePath/Flag%20of%20Somalia.svg,0ab590ac9d87.svg,,,2120000,91.0,23297,UTC+3:00
Q1049,SD,true,Судан,Хартум,https://commons.wikimedia.org/wiki/Special:FilePath/Flag%20of%20Sudan.svg,e8b372e3294c.svg,,,5345000,30000.0,178,UTC+2:00
Q730,SR,true,Суринам,Парамарибо,https://commons.wikimedia.org/wiki/Special:FilePath/Flag%20of%20Suriname.svg,f8476e0f118b.svg,,,223757,182.0,1229,UTC−3
Q1044,SL,true,Сьерра-Леоне,Фритаун,https://commons.wikimedia.org/wiki/Special:FilePath/Flag%20of%20Sierra%20Leone.svg,2891b0370467.svg,https://commons.wikimedia.org/wiki/Special:FilePath/Flag%20of%20Freetown%2C%20Sierra%20Leone.png,89572e7be65f.png,1055964,357.0,2958,UTC±0:00
Q863,TJ,true,Таджикистан,Душанбе,https://commons.wikimedia.org/wiki/Special:FilePath/Flag%20of%20Tajikistan.svg,c136362056e7.svg,,,1201800,124.6,9645,UTC+5:00
Q869,TH,true,Таиланд,Бангкок,https://commons.wikimedia.org/wiki/Special:FilePath/Flag%20of%20Thailand.svg,9658806acd3a.svg,https://commons.wikimedia.org/wiki/Special:FilePath/Flag%20of%20Bangkok.svg,f625307843cd.svg,5676648,1568.74,3619,UTC+7:00
Q924,TZ,true,Танзания,Додома,https://commons.wikimedia.org/wiki/Special:FilePath/Flag%20of%20Tanzania.svg,4595423bca4d.svg,,,213636,2576.0,83,UTC+3:00
Q945,TG,true,Того,Ломе,https://commons.wikimedia.org/wiki/Special:FilePath/Flag%20of%20Togo%20%283-2%29.svg,321bc95b2ecc.svg,,,2188376,90.0,24315,UTC±0:00
Q678,TO,true,Тонга,Нукуалофа,https://commons.wikimedia.org/wiki/Special:FilePath/Flag%20of%20Tonga.svg,17663339385e.svg,,,23221,11.41,2035,UTC+13
Q754,TT,true,Тринидад и Тобаго,Порт-оф-Спейн,https://commons.wikimedia.org/wiki/Special:FilePath/Flag%20of%20Trinidad%20and%20Tobago.svg,54ec9e28f3fd.svg,,,49031,12.0,4086,UTC−4
Q672,TV,true,Тувалу,Фунафути,https://commons.wikimedia.org/wiki/Special:FilePath/Flag%20of%20Tuvalu.svg,0e6caf783dd8.svg,,,6025,2.4,2510,UTC+12
Q948,TN,true,Тунис,Тунис,https://commons.wikimedia.org/wiki/Special:FilePath/Flag%20of%20Tunisia.svg,7f33e9c126e8.svg,,,602560,212.63,2834,UTC+1:00
Q874,TM,true,Туркменистан,Ашхабад,https://commons.wikimedia.org/wiki/Special:FilePath/Flag%20of%20Turkmenistan.svg,f5b2465e6089.svg,,,1030063,765.0,1346,UTC+5:00
Q43,TR,true,Турция,Анкара,https://commons.wikimedia.org/wiki/Special:FilePath/Flag%20of%20Turkey.svg,aa3bf0b27128.svg,,,5803482,25632.0,226,UTC+3:00
Q1036,UG,true,Уганда,Кампала,https://commons.wikimedia.org/wiki/Special:FilePath/Flag%20of%20Uganda.svg,da9a14476f1b.svg,,,1797722,189.0,9512,UTC+3:00
Q265,UZ,true,Узбекистан,Ташкент,https://commons.wikimedia.org/wiki/Special:FilePath/Flag%20of%20Uzbekistan.svg,af454fcb6e14.svg,https://commons.wikimedia.org/wiki/Special:FilePath/Flag%20of%20Tashkent.svg,126d709e6d23.svg,2956384,334.8,8830,UTC+5:00
Q212,UA,true,Украина,Киев,https://commons.wikimedia.org/wiki/Special:FilePath/Flag%20of%20Ukraine.svg,e38dec5d1edf.svg,https://commons.wikimedia.org/wiki/Special:FilePath/Flag%20of%20Kyiv%20Kurovskyi.svg,c4a02f518443.svg,2952301,848.0,3481,восточноевропейское время
Q77,UY,true,Уругвай,Монтевидео,https://commons.wikimedia.org/wiki/Special:FilePath/Flag%20of%20Uruguay.svg,7fb2bf3f17ff.svg,,,1302954,730.0,1785,America/Montevideo
Q702,FM,true,Федеративные Штаты Микронезии,Паликир,https://commons.wikimedia.org/wiki/Special:FilePath/Flag%20of%20the%20Federated%20States%20of%20Micronesia.svg,1ea6d5ea821a.svg,,,6227,,,
Q712,FJ,true,Фиджи,Сува,https://commons.wikimedia.org/wiki/Special:FilePath/Flag%20of%20Fiji.svg,93ab652de580.svg,,,88271,2048.0,43,UTC+12
Q928,PH,true,Филиппины,Манила,https://commons.wikimedia.org/wiki/Special:FilePath/Flag%20of%20the%20Philippines.svg,2f79e171a01e.svg,https://commons.wikimedia.org/wiki/Special:FilePath/Flag%20of%20Manila.svg,d0edde38d650.svg,1902590,24.98,76165,Филиппинское стандартное время
Q33,FI,true,Финляндия,Хельсинки,https://commons.wikimedia.org/wiki/Special:FilePath/Flag%20of%20Finland.svg,dc02854825a0.svg,https://commons.wikimedia.org/wiki/Special:FilePath/Flag%20of%20Helsinki%20%28long%29.svg,f847ec31331c.svg,686595,214.42,3202,восточноевропейское летнее время
Q142,FR,true,Франция,Париж,https://commons.wikimedia.org/wiki/Special:FilePath/Flag%20of%20France.svg,769397dc71b9.svg,https://commons.wikimedia.org/wiki/Special:FilePath/Flag_of_Paris_with_coat_of_arms.svg,0e4dfa5aafa3.svg,2103778,105.4,19960,UTC+2:00
Q224,HR,true,Хорватия,Загреб,https://commons.wikimedia.org/wiki/Special:FilePath/Flag%20of%20Croatia.svg,1bc43baddb48.svg,https://commons.wikimedia.org/wiki/Special:FilePath/Flag%20of%20Zagreb.svg,8cca7da7d9e0.svg,767131,641.2,1196,центральноевропейское летнее время
Q929,CF,true,Центральноафриканская Республика,Банги,https://commons.wikimedia.org/wiki/Special:FilePath/Flag%20of%20the%20Central%20African%20Republic.svg,eb44c19739ad.svg,,,889231,67.34,13205,UTC+1:00
Q657,TD,true,Чад,Нджамена,https://commons.wikimedia.org/wiki/Special:FilePath/Flag%20of%20Chad.svg,931de92e506b.svg,,,1092066,100.0,10921,UTC+1:00
Q236,ME,true,Черногория,Цетине,https://commons.wikimedia.org/wiki/Special:FilePath/Flag%20of%20Montenegro.svg,04239fd195e5.svg,https://commons.wikimedia.org/wiki/Special:FilePath/Flag%20of%20Cetinje.svg,4e25d0b1dc7d.svg,13991,910.0,15,UTC+1:00
Q213,CZ,true,Чехия,Прага,https://commons.wikimedia.org/wiki/Special:FilePath/Flag%20of%20the%20Czech%20Republic.svg,ae3f0f87637e.svg,https://commons.wikimedia.org/wiki/Special:FilePath/Flag%20of%20Prague.svg,72c01295998b.svg,1397880,496.21,2817,UTC+2:00
Q298,CL,true,Чили,Сантьяго,https://commons.wikimedia.org/wiki/Special:FilePath/Flag%20of%20Chile.svg,9267cf4dc465.svg,https://commons.wikimedia.org/wiki/Special:FilePath/Flag%20of%20Santiago%2C%20Chile.svg,3e2d7631768f.png,6257516,837.89,7468,UTC−4
Q39,CH,true,Швейцария,Берн,https://commons.wikimedia.org/wiki/Special:FilePath/Flag%20of%20Switzerland.svg,c4d697d1329b.svg,https://commons.wikimedia.org/wiki/Special:FilePath/CHE%20Bern%20BE%20Flag.svg,440776969a40.svg,10607,51.62,205,UTC+2:00
Q34,SE,true,Швеция,Стокгольм,https://commons.wikimedia.org/wiki/Special:FilePath/Flag%20of%20Sweden.svg,ba35f0c5997a.svg,https://commons.wikimedia.org/wiki/Special:FilePath/Flag%20of%20Stockholm.svg,e90a49e56ce7.svg,984748,187.16,5262,UTC+2:00
Q854,LK,true,Шри-Ланка,Коломбо,https://commons.wikimedia.org/wiki/Special:FilePath/Flag%20of%20Sri%20Lanka.svg,2cfc9f062589.svg,https://commons.wikimedia.org/wiki/Special:FilePath/Flag%20of%20Colombo%20MC.svg,b8ac05d8a39f.svg,647557,37.32,17351,UTC+5:30
Q736,EC,true,Эквадор,Кито,https://commons.wikimedia.org/wiki/Special:FilePath/Flag%20of%20Ecuador.svg,3f352326c703.svg,https://commons.wikimedia.org/wiki/Special:FilePath/Flag%20of%20Quito.svg,a8ecd54d4183.svg,1763275,372.39,4735,UTC−5
Q983,GQ,true,Экваториальная Гвинея,Сьюдад-де-ла-Пас,https://commons.wikimedia.org/wiki/Special:FilePath/Flag%20of%20Equatorial%20Guinea.svg,8c48d018fc94.svg,,,2000,81.5,25,UTC+1:00
Q986,ER,true,Эритрея,Асмэра,https://commons.wikimedia.org/wiki/Special:FilePath/Flag%20of%20Eritrea.svg,169793fd5b1a.svg,,,963000,12158.1,79,UTC+3:00
Q1050,SZ,true,Эсватини,Лобамба,https://commons.wikimedia.org/wiki/Special:FilePath/Flag%20of%20Eswatini.svg,48f3dde2c2f4.svg,,,114585,,,UTC+2:00
Q191,EE,true,Эстония,Таллин,https://commons.wikimedia.org/wiki/Special:FilePath/Flag%20of%20Estonia.svg,7328f9a226e9.svg,https://commons.wikimedia.org/wiki/Special:FilePath/Flag%20of%20Tallinn.svg,7863aabeb929.svg,457572,159.37,2871,UTC+2:00
Q115,ET,true,Эфиопия,Аддис-Абеба,https://commons.wikimedia.org/wiki/Special:FilePath/Flag%20of%20Ethiopia.svg,70a8aa5691e3.svg,https://commons.wikimedia.org/wiki/Special:FilePath/Flag%20of%20Addis%20Ababa.svg,dc179ed1f159.svg,5704000,526.99,10824,восточноафриканское время
Q258,ZA,true,ЮАР,Блумфонтейн,https://commons.wikimedia.org/wiki/Special:FilePath/Flag%20of%20South%20Africa.svg,fdd4f29ac7e7.svg,,,3776313,236.17,1538,UTC+2:00
Q958,SS,true,Южный Судан,Джуба,https://commons.wikimedia.org/wiki/Special:FilePath/Flag%20of%20South%20Sudan.svg,e28a9580288c.svg,,,500088,52.0,9617,UTC+3:00
Q766,JM,true,Ямайка,Кингстон,https://commons.wikimedia.org/wiki/Special:FilePath/Flag%20of%20Jamaica.svg,a0df88effd93.svg,,,937700,22.0,42623,UTC−5
Q17,JP,true,Япония,Токио,https://commons.wikimedia.org/wiki/Special:FilePath/Flag%20of%20Japan.svg,ea11a307557e.svg,https://commons.wikimedia.org/wiki/Special:FilePath/Flag%20of%20Tokyo%20Metropolis.svg,2bd478dc193d.svg,14264798,2194.05,6502,японское стандартное время
